[{"@type":"mappingTemplate","id":"@1","name":"Mapping_RESTV2","description":"","bundleVersion":"0","templateId":"@3","hasParameters":false,"valid":true,"fixedConnection":true,"hasParametersDeployed":false,"fixedConnectionDeployed":false,"isSchemaValidationEnabled":false,"tasks":0,"mappingPreviewFileRecordId":"@2","documentType":"MAPPING","references":[{"@type":"reference","refObjectId":"@9Yz5u8SP7QTcupm997PJ2o","refType":"connection"},{"@type":"reference","refObjectId":"@69Z3QDcnP6fl5Vf74Ucqgm","refType":"connection"}]}]